Day,Building,Pref. Weight,Label,Cost (€),Δ€ vs w=0,%Δ vs w=0,Total Consumption (kWh),Avg Peak Hour
2015-04-02,DE_KN_residential2,0.0,Pure Cost,0.1,0.0,0.0,2.25,7.0
2015-04-02,DE_KN_residential2,0.005,Tiny Pref,0.103,0.003,2.9,2.25,6.8
2015-04-02,DE_KN_residential2,0.01,Small Pref,0.103,0.003,2.9,2.25,6.8
2015-04-02,DE_KN_residential2,0.02,Low Pref,0.112,0.011,11.2,2.25,7.0
2015-04-02,DE_KN_residential2,0.025,Medium Pref,0.113,0.012,12.3,2.25,9.2
2015-04-02,DE_KN_residential2,0.035,High Pref,0.113,0.012,12.3,2.25,9.2
2015-04-02,DE_KN_residential2,0.045,Very High Pref,0.113,0.012,12.3,2.25,9.2
2015-04-02,DE_KN_residential2,0.05,Max Pref,0.113,0.012,12.3,2.25,9.2
2015-04-03,DE_KN_residential2,0.0,Pure Cost,0.148,0.0,0.0,2.25,9.2
2015-04-03,DE_KN_residential2,0.005,Tiny Pref,0.153,0.004,2.9,2.25,6.2
2015-04-03,DE_KN_residential2,0.01,Small Pref,0.153,0.004,2.9,2.25,6.2
2015-04-03,DE_KN_residential2,0.02,Low Pref,0.153,0.004,2.9,2.25,6.2
2015-04-03,DE_KN_residential2,0.025,Medium Pref,0.153,0.004,2.9,2.25,6.2
2015-04-03,DE_KN_residential2,0.035,High Pref,0.154,0.006,3.8,2.25,9.2
2015-04-03,DE_KN_residential2,0.045,Very High Pref,0.154,0.006,3.8,2.25,9.2
2015-04-03,DE_KN_residential2,0.05,Max Pref,0.154,0.006,3.8,2.25,9.2
2015-04-04,DE_KN_residential2,0.0,Pure Cost,0.12,0.0,0.0,2.25,9.0
2015-04-04,DE_KN_residential2,0.005,Tiny Pref,0.12,-0.0,-0.3,2.25,7.5
2015-04-04,DE_KN_residential2,0.01,Small Pref,0.125,0.004,3.5,2.25,9.2
2015-04-04,DE_KN_residential2,0.02,Low Pref,0.125,0.004,3.5,2.25,9.2
2015-04-04,DE_KN_residential2,0.025,Medium Pref,0.125,0.004,3.5,2.25,9.2
2015-04-04,DE_KN_residential2,0.035,High Pref,0.125,0.004,3.5,2.25,9.2
2015-04-04,DE_KN_residential2,0.045,Very High Pref,0.125,0.004,3.5,2.25,9.2
2015-04-04,DE_KN_residential2,0.05,Max Pref,0.125,0.004,3.5,2.25,9.2
2015-04-05,DE_KN_residential2,0.0,Pure Cost,0.109,0.0,0.0,2.25,7.0
2015-04-05,DE_KN_residential2,0.005,Tiny Pref,0.11,0.002,1.7,2.25,9.0
2015-04-05,DE_KN_residential2,0.01,Small Pref,0.114,0.006,5.1,2.25,9.2
2015-04-05,DE_KN_residential2,0.02,Low Pref,0.114,0.006,5.1,2.25,9.2
2015-04-05,DE_KN_residential2,0.025,Medium Pref,0.114,0.006,5.1,2.25,9.2
2015-04-05,DE_KN_residential2,0.035,High Pref,0.114,0.006,5.1,2.25,9.2
2015-04-05,DE_KN_residential2,0.045,Very High Pref,0.114,0.006,5.1,2.25,9.2
2015-04-05,DE_KN_residential2,0.05,Max Pref,0.114,0.006,5.1,2.25,9.2
2015-04-06,DE_KN_residential2,0.0,Pure Cost,0.159,0.0,0.0,2.25,8.0
2015-04-06,DE_KN_residential2,0.005,Tiny Pref,0.168,0.009,5.7,2.25,6.2
2015-04-06,DE_KN_residential2,0.01,Small Pref,0.168,0.009,5.7,2.25,6.2
2015-04-06,DE_KN_residential2,0.02,Low Pref,0.168,0.009,5.7,2.25,6.2
2015-04-06,DE_KN_residential2,0.025,Medium Pref,0.168,0.009,5.7,2.25,6.2
2015-04-06,DE_KN_residential2,0.035,High Pref,0.169,0.01,6.4,2.25,9.2
2015-04-06,DE_KN_residential2,0.045,Very High Pref,0.169,0.01,6.4,2.25,9.2
2015-04-06,DE_KN_residential2,0.05,Max Pref,0.169,0.01,6.4,2.25,9.2
2015-04-07,DE_KN_residential2,0.0,Pure Cost,0.134,0.0,0.0,2.25,8.2
2015-04-07,DE_KN_residential2,0.005,Tiny Pref,0.145,0.011,8.3,2.25,7.2
2015-04-07,DE_KN_residential2,0.01,Small Pref,0.145,0.011,8.3,2.25,7.2
2015-04-07,DE_KN_residential2,0.02,Low Pref,0.146,0.012,9.0,2.25,9.2
2015-04-07,DE_KN_residential2,0.025,Medium Pref,0.146,0.012,9.0,2.25,9.2
2015-04-07,DE_KN_residential2,0.035,High Pref,0.146,0.012,9.0,2.25,9.2
2015-04-07,DE_KN_residential2,0.045,Very High Pref,0.146,0.012,9.0,2.25,9.2
2015-04-07,DE_KN_residential2,0.05,Max Pref,0.146,0.012,9.0,2.25,9.2
2015-04-08,DE_KN_residential2,0.0,Pure Cost,0.188,0.0,0.0,2.25,9.8
2015-04-08,DE_KN_residential2,0.005,Tiny Pref,0.195,0.007,3.9,2.25,7.5
2015-04-08,DE_KN_residential2,0.01,Small Pref,0.195,0.007,3.9,2.25,7.2
2015-04-08,DE_KN_residential2,0.02,Low Pref,0.195,0.007,4.0,2.25,6.2
2015-04-08,DE_KN_residential2,0.025,Medium Pref,0.195,0.007,4.0,2.25,6.2
2015-04-08,DE_KN_residential2,0.035,High Pref,0.195,0.007,4.0,2.25,6.2
2015-04-08,DE_KN_residential2,0.045,Very High Pref,0.197,0.009,4.9,2.25,9.2
2015-04-08,DE_KN_residential2,0.05,Max Pref,0.197,0.009,4.9,2.25,9.2
2015-04-09,DE_KN_residential2,0.0,Pure Cost,0.202,0.0,0.0,2.25,8.5
2015-04-09,DE_KN_residential2,0.005,Tiny Pref,0.202,0.0,0.0,2.25,8.8
2015-04-09,DE_KN_residential2,0.01,Small Pref,0.217,0.015,7.4,2.25,7.2
2015-04-09,DE_KN_residential2,0.02,Low Pref,0.217,0.015,7.5,2.25,6.2
2015-04-09,DE_KN_residential2,0.025,Medium Pref,0.217,0.015,7.5,2.25,6.2
2015-04-09,DE_KN_residential2,0.035,High Pref,0.217,0.015,7.5,2.25,6.2
2015-04-09,DE_KN_residential2,0.045,Very High Pref,0.217,0.015,7.5,2.25,6.2
2015-04-09,DE_KN_residential2,0.05,Max Pref,0.219,0.017,8.6,2.25,9.2
2015-04-10,DE_KN_residential2,0.0,Pure Cost,0.128,0.0,0.0,2.25,15.8
2015-04-10,DE_KN_residential2,0.005,Tiny Pref,0.128,0.0,0.0,2.25,15.8
2015-04-10,DE_KN_residential2,0.01,Small Pref,0.166,0.038,29.4,2.25,12.2
2015-04-10,DE_KN_residential2,0.02,Low Pref,0.169,0.041,31.9,2.25,12.0
2015-04-10,DE_KN_residential2,0.025,Medium Pref,0.17,0.042,33.1,2.25,9.2
2015-04-10,DE_KN_residential2,0.035,High Pref,0.17,0.042,33.1,2.25,9.2
2015-04-10,DE_KN_residential2,0.045,Very High Pref,0.17,0.042,33.1,2.25,9.2
2015-04-10,DE_KN_residential2,0.05,Max Pref,0.17,0.042,33.1,2.25,9.2
2015-04-11,DE_KN_residential2,0.0,Pure Cost,0.107,0.0,0.0,2.25,5.8
2015-04-11,DE_KN_residential2,0.005,Tiny Pref,0.107,0.0,0.0,2.25,5.8
2015-04-11,DE_KN_residential2,0.01,Small Pref,0.115,0.008,7.3,2.25,6.0
2015-04-11,DE_KN_residential2,0.02,Low Pref,0.126,0.019,17.5,2.25,9.2
2015-04-11,DE_KN_residential2,0.025,Medium Pref,0.126,0.019,17.5,2.25,9.2
2015-04-11,DE_KN_residential2,0.035,High Pref,0.126,0.019,17.5,2.25,9.2
2015-04-11,DE_KN_residential2,0.045,Very High Pref,0.126,0.019,17.5,2.25,9.2
2015-04-11,DE_KN_residential2,0.05,Max Pref,0.126,0.019,17.5,2.25,9.2
2015-04-12,DE_KN_residential2,0.0,Pure Cost,0.058,0.0,0.0,2.25,6.0
2015-04-12,DE_KN_residential2,0.005,Tiny Pref,0.058,0.0,0.0,2.25,6.0
2015-04-12,DE_KN_residential2,0.01,Small Pref,0.058,0.0,0.0,2.25,6.0
2015-04-12,DE_KN_residential2,0.02,Low Pref,0.073,0.014,24.8,2.25,6.8
2015-04-12,DE_KN_residential2,0.025,Medium Pref,0.089,0.031,52.4,2.25,8.0
2015-04-12,DE_KN_residential2,0.035,High Pref,0.091,0.033,55.9,2.25,9.2
2015-04-12,DE_KN_residential2,0.045,Very High Pref,0.091,0.033,55.9,2.25,9.2
2015-04-12,DE_KN_residential2,0.05,Max Pref,0.091,0.033,55.9,2.25,9.2
2015-04-13,DE_KN_residential2,0.0,Pure Cost,0.108,0.0,0.0,2.25,8.8
2015-04-13,DE_KN_residential2,0.005,Tiny Pref,0.116,0.009,8.3,2.25,7.5
2015-04-13,DE_KN_residential2,0.01,Small Pref,0.116,0.009,8.3,2.25,7.5
2015-04-13,DE_KN_residential2,0.02,Low Pref,0.12,0.013,11.6,2.25,9.2
2015-04-13,DE_KN_residential2,0.025,Medium Pref,0.12,0.013,11.6,2.25,9.2
2015-04-13,DE_KN_residential2,0.035,High Pref,0.12,0.013,11.6,2.25,9.2
2015-04-13,DE_KN_residential2,0.045,Very High Pref,0.12,0.013,11.6,2.25,9.2
2015-04-13,DE_KN_residential2,0.05,Max Pref,0.12,0.013,11.6,2.25,9.2
2015-04-14,DE_KN_residential2,0.0,Pure Cost,0.143,0.0,0.0,2.25,6.8
2015-04-14,DE_KN_residential2,0.005,Tiny Pref,0.15,0.006,4.3,2.25,6.2
2015-04-14,DE_KN_residential2,0.01,Small Pref,0.15,0.006,4.3,2.25,6.2
2015-04-14,DE_KN_residential2,0.02,Low Pref,0.15,0.006,4.3,2.25,6.2
2015-04-14,DE_KN_residential2,0.025,Medium Pref,0.15,0.006,4.3,2.25,6.2
2015-04-14,DE_KN_residential2,0.035,High Pref,0.151,0.007,5.1,2.25,9.2
2015-04-14,DE_KN_residential2,0.045,Very High Pref,0.151,0.007,5.1,2.25,9.2
2015-04-14,DE_KN_residential2,0.05,Max Pref,0.151,0.007,5.1,2.25,9.2
2015-04-15,DE_KN_residential2,0.0,Pure Cost,0.114,0.0,0.0,2.25,8.8
2015-04-15,DE_KN_residential2,0.005,Tiny Pref,0.124,0.009,8.0,2.25,7.2
2015-04-15,DE_KN_residential2,0.01,Small Pref,0.124,0.01,8.4,2.25,9.2
2015-04-15,DE_KN_residential2,0.02,Low Pref,0.124,0.01,8.4,2.25,9.2
2015-04-15,DE_KN_residential2,0.025,Medium Pref,0.124,0.01,8.4,2.25,9.2
2015-04-15,DE_KN_residential2,0.035,High Pref,0.124,0.01,8.4,2.25,9.2
2015-04-15,DE_KN_residential2,0.045,Very High Pref,0.124,0.01,8.4,2.25,9.2
2015-04-15,DE_KN_residential2,0.05,Max Pref,0.124,0.01,8.4,2.25,9.2
2015-04-16,DE_KN_residential2,0.0,Pure Cost,0.141,0.0,0.0,2.25,11.2
2015-04-16,DE_KN_residential2,0.005,Tiny Pref,0.15,0.008,5.9,2.25,6.8
2015-04-16,DE_KN_residential2,0.01,Small Pref,0.15,0.008,5.9,2.25,6.8
2015-04-16,DE_KN_residential2,0.02,Low Pref,0.15,0.008,6.0,2.25,6.2
2015-04-16,DE_KN_residential2,0.025,Medium Pref,0.151,0.009,6.7,2.25,9.2
2015-04-16,DE_KN_residential2,0.035,High Pref,0.151,0.009,6.7,2.25,9.2
2015-04-16,DE_KN_residential2,0.045,Very High Pref,0.151,0.009,6.7,2.25,9.2
2015-04-16,DE_KN_residential2,0.05,Max Pref,0.151,0.009,6.7,2.25,9.2
2015-04-17,DE_KN_residential2,0.0,Pure Cost,0.124,0.0,0.0,2.25,5.2
2015-04-17,DE_KN_residential2,0.005,Tiny Pref,0.125,0.001,0.6,2.25,6.2
2015-04-17,DE_KN_residential2,0.01,Small Pref,0.125,0.001,0.6,2.25,6.2
2015-04-17,DE_KN_residential2,0.02,Low Pref,0.138,0.014,11.2,2.25,9.2
2015-04-17,DE_KN_residential2,0.025,Medium Pref,0.138,0.014,11.2,2.25,9.2
2015-04-17,DE_KN_residential2,0.035,High Pref,0.138,0.014,11.2,2.25,9.2
2015-04-17,DE_KN_residential2,0.045,Very High Pref,0.138,0.014,11.2,2.25,9.2
2015-04-17,DE_KN_residential2,0.05,Max Pref,0.138,0.014,11.2,2.25,9.2
2015-04-18,DE_KN_residential2,0.0,Pure Cost,0.11,0.0,0.0,2.25,9.2
2015-04-18,DE_KN_residential2,0.005,Tiny Pref,0.111,0.002,1.4,2.25,7.2
2015-04-18,DE_KN_residential2,0.01,Small Pref,0.118,0.008,7.4,2.25,7.5
2015-04-18,DE_KN_residential2,0.02,Low Pref,0.119,0.009,8.2,2.25,9.2
2015-04-18,DE_KN_residential2,0.025,Medium Pref,0.119,0.009,8.2,2.25,9.2
2015-04-18,DE_KN_residential2,0.035,High Pref,0.119,0.009,8.2,2.25,9.2
2015-04-18,DE_KN_residential2,0.045,Very High Pref,0.119,0.009,8.2,2.25,9.2
2015-04-18,DE_KN_residential2,0.05,Max Pref,0.119,0.009,8.2,2.25,9.2
2015-04-19,DE_KN_residential2,0.0,Pure Cost,0.096,0.0,0.0,2.25,5.8
2015-04-19,DE_KN_residential2,0.005,Tiny Pref,0.099,0.003,3.1,2.25,7.5
2015-04-19,DE_KN_residential2,0.01,Small Pref,0.105,0.009,9.4,2.25,7.8
2015-04-19,DE_KN_residential2,0.02,Low Pref,0.106,0.01,10.1,2.25,9.2
2015-04-19,DE_KN_residential2,0.025,Medium Pref,0.106,0.01,10.1,2.25,9.2
2015-04-19,DE_KN_residential2,0.035,High Pref,0.106,0.01,10.1,2.25,9.2
2015-04-19,DE_KN_residential2,0.045,Very High Pref,0.106,0.01,10.1,2.25,9.2
2015-04-19,DE_KN_residential2,0.05,Max Pref,0.106,0.01,10.1,2.25,9.2
2015-04-20,DE_KN_residential2,0.0,Pure Cost,0.092,0.0,0.0,2.25,14.2
2015-04-20,DE_KN_residential2,0.005,Tiny Pref,0.099,0.008,8.5,2.25,9.2
2015-04-20,DE_KN_residential2,0.01,Small Pref,0.099,0.008,8.5,2.25,9.2
2015-04-20,DE_KN_residential2,0.02,Low Pref,0.099,0.008,8.5,2.25,9.2
2015-04-20,DE_KN_residential2,0.025,Medium Pref,0.099,0.008,8.5,2.25,9.2
2015-04-20,DE_KN_residential2,0.035,High Pref,0.099,0.008,8.5,2.25,9.2
2015-04-20,DE_KN_residential2,0.045,Very High Pref,0.099,0.008,8.5,2.25,9.2
2015-04-20,DE_KN_residential2,0.05,Max Pref,0.099,0.008,8.5,2.25,9.2
2015-04-21,DE_KN_residential2,0.0,Pure Cost,0.129,0.0,0.0,2.25,7.2
2015-04-21,DE_KN_residential2,0.005,Tiny Pref,0.133,0.004,3.2,2.25,6.2
2015-04-21,DE_KN_residential2,0.01,Small Pref,0.133,0.004,3.2,2.25,6.2
2015-04-21,DE_KN_residential2,0.02,Low Pref,0.133,0.004,3.2,2.25,6.2
2015-04-21,DE_KN_residential2,0.025,Medium Pref,0.133,0.004,3.2,2.25,6.2
2015-04-21,DE_KN_residential2,0.035,High Pref,0.135,0.006,4.4,2.25,9.2
2015-04-21,DE_KN_residential2,0.045,Very High Pref,0.135,0.006,4.4,2.25,9.2
2015-04-21,DE_KN_residential2,0.05,Max Pref,0.135,0.006,4.4,2.25,9.2
2015-04-22,DE_KN_residential2,0.0,Pure Cost,0.118,0.0,0.0,2.25,8.0
2015-04-22,DE_KN_residential2,0.005,Tiny Pref,0.119,0.0,0.3,2.25,7.2
2015-04-22,DE_KN_residential2,0.01,Small Pref,0.119,0.0,0.3,2.25,7.2
2015-04-22,DE_KN_residential2,0.02,Low Pref,0.119,0.001,0.8,2.25,9.2
2015-04-22,DE_KN_residential2,0.025,Medium Pref,0.119,0.001,0.8,2.25,9.2
2015-04-22,DE_KN_residential2,0.035,High Pref,0.119,0.001,0.8,2.25,9.2
2015-04-22,DE_KN_residential2,0.045,Very High Pref,0.119,0.001,0.8,2.25,9.2
2015-04-22,DE_KN_residential2,0.05,Max Pref,0.119,0.001,0.8,2.25,9.2
2015-04-23,DE_KN_residential2,0.0,Pure Cost,0.093,0.0,0.0,2.25,9.0
2015-04-23,DE_KN_residential2,0.005,Tiny Pref,0.1,0.008,8.2,2.25,7.5
2015-04-23,DE_KN_residential2,0.01,Small Pref,0.101,0.008,8.7,2.25,9.2
2015-04-23,DE_KN_residential2,0.02,Low Pref,0.101,0.008,8.7,2.25,9.2
2015-04-23,DE_KN_residential2,0.025,Medium Pref,0.101,0.008,8.7,2.25,9.2
2015-04-23,DE_KN_residential2,0.035,High Pref,0.101,0.008,8.7,2.25,9.2
2015-04-23,DE_KN_residential2,0.045,Very High Pref,0.101,0.008,8.7,2.25,9.2
2015-04-23,DE_KN_residential2,0.05,Max Pref,0.101,0.008,8.7,2.25,9.2
2015-04-24,DE_KN_residential2,0.0,Pure Cost,0.088,0.0,0.0,2.25,13.0
2015-04-24,DE_KN_residential2,0.005,Tiny Pref,0.098,0.01,11.6,2.25,12.0
2015-04-24,DE_KN_residential2,0.01,Small Pref,0.098,0.01,11.6,2.25,12.0
2015-04-24,DE_KN_residential2,0.02,Low Pref,0.099,0.011,12.9,2.25,9.2
2015-04-24,DE_KN_residential2,0.025,Medium Pref,0.099,0.011,12.9,2.25,9.2
2015-04-24,DE_KN_residential2,0.035,High Pref,0.099,0.011,12.9,2.25,9.2
2015-04-24,DE_KN_residential2,0.045,Very High Pref,0.099,0.011,12.9,2.25,9.2
2015-04-24,DE_KN_residential2,0.05,Max Pref,0.099,0.011,12.9,2.25,9.2
2015-04-25,DE_KN_residential2,0.0,Pure Cost,-0.002,0.0,0.0,2.25,8.0
2015-04-25,DE_KN_residential2,0.005,Tiny Pref,0.005,0.008,325.7,2.25,7.0
2015-04-25,DE_KN_residential2,0.01,Small Pref,0.006,0.008,342.5,2.25,9.2
2015-04-25,DE_KN_residential2,0.02,Low Pref,0.006,0.008,342.5,2.25,9.2
2015-04-25,DE_KN_residential2,0.025,Medium Pref,0.006,0.008,342.5,2.25,9.2
2015-04-25,DE_KN_residential2,0.035,High Pref,0.006,0.008,342.5,2.25,9.2
2015-04-25,DE_KN_residential2,0.045,Very High Pref,0.006,0.008,342.5,2.25,9.2
2015-04-25,DE_KN_residential2,0.05,Max Pref,0.006,0.008,342.5,2.25,9.2
2015-04-26,DE_KN_residential2,0.0,Pure Cost,0.039,0.0,0.0,2.25,4.2
2015-04-26,DE_KN_residential2,0.005,Tiny Pref,0.039,0.0,0.0,2.25,4.2
2015-04-26,DE_KN_residential2,0.01,Small Pref,0.039,0.0,0.0,2.25,4.2
2015-04-26,DE_KN_residential2,0.02,Low Pref,0.074,0.035,90.9,2.25,6.2
2015-04-26,DE_KN_residential2,0.025,Medium Pref,0.074,0.035,90.9,2.25,6.2
2015-04-26,DE_KN_residential2,0.035,High Pref,0.074,0.035,90.9,2.25,6.2
2015-04-26,DE_KN_residential2,0.045,Very High Pref,0.076,0.037,95.9,2.25,9.2
2015-04-26,DE_KN_residential2,0.05,Max Pref,0.076,0.037,95.9,2.25,9.2
2015-04-27,DE_KN_residential2,0.0,Pure Cost,0.082,0.0,0.0,2.25,7.8
2015-04-27,DE_KN_residential2,0.005,Tiny Pref,0.087,0.005,5.9,2.25,7.5
2015-04-27,DE_KN_residential2,0.01,Small Pref,0.087,0.005,5.9,2.25,7.5
2015-04-27,DE_KN_residential2,0.02,Low Pref,0.088,0.005,6.1,2.25,6.5
2015-04-27,DE_KN_residential2,0.025,Medium Pref,0.088,0.005,6.1,2.25,6.5
2015-04-27,DE_KN_residential2,0.035,High Pref,0.088,0.005,6.1,2.25,6.5
2015-04-27,DE_KN_residential2,0.045,Very High Pref,0.089,0.007,8.5,2.25,9.2
2015-04-27,DE_KN_residential2,0.05,Max Pref,0.089,0.007,8.5,2.25,9.2
2015-04-28,DE_KN_residential2,0.0,Pure Cost,0.109,0.0,0.0,2.25,9.5
2015-04-28,DE_KN_residential2,0.005,Tiny Pref,0.115,0.006,6.0,2.25,7.0
2015-04-28,DE_KN_residential2,0.01,Small Pref,0.115,0.006,6.0,2.25,7.0
2015-04-28,DE_KN_residential2,0.02,Low Pref,0.116,0.008,6.9,2.25,9.2
2015-04-28,DE_KN_residential2,0.025,Medium Pref,0.116,0.008,6.9,2.25,9.2
2015-04-28,DE_KN_residential2,0.035,High Pref,0.116,0.008,6.9,2.25,9.2
2015-04-28,DE_KN_residential2,0.045,Very High Pref,0.116,0.008,6.9,2.25,9.2
2015-04-28,DE_KN_residential2,0.05,Max Pref,0.116,0.008,6.9,2.25,9.2
2015-04-29,DE_KN_residential2,0.0,Pure Cost,0.103,0.0,0.0,2.25,7.8
2015-04-29,DE_KN_residential2,0.005,Tiny Pref,0.104,0.001,0.8,2.25,6.5
2015-04-29,DE_KN_residential2,0.01,Small Pref,0.104,0.001,0.8,2.25,6.5
2015-04-29,DE_KN_residential2,0.02,Low Pref,0.105,0.001,1.4,2.25,9.2
2015-04-29,DE_KN_residential2,0.025,Medium Pref,0.105,0.001,1.4,2.25,9.2
2015-04-29,DE_KN_residential2,0.035,High Pref,0.105,0.001,1.4,2.25,9.2
2015-04-29,DE_KN_residential2,0.045,Very High Pref,0.105,0.001,1.4,2.25,9.2
2015-04-29,DE_KN_residential2,0.05,Max Pref,0.105,0.001,1.4,2.25,9.2
2015-04-30,DE_KN_residential2,0.0,Pure Cost,0.1,0.0,0.0,2.25,8.0
2015-04-30,DE_KN_residential2,0.005,Tiny Pref,0.107,0.007,7.3,2.25,7.0
2015-04-30,DE_KN_residential2,0.01,Small Pref,0.107,0.008,7.7,2.25,9.2
2015-04-30,DE_KN_residential2,0.02,Low Pref,0.107,0.008,7.7,2.25,9.2
2015-04-30,DE_KN_residential2,0.025,Medium Pref,0.107,0.008,7.7,2.25,9.2
2015-04-30,DE_KN_residential2,0.035,High Pref,0.107,0.008,7.7,2.25,9.2
2015-04-30,DE_KN_residential2,0.045,Very High Pref,0.107,0.008,7.7,2.25,9.2
2015-04-30,DE_KN_residential2,0.05,Max Pref,0.107,0.008,7.7,2.25,9.2
2015-05-01,DE_KN_residential2,0.0,Pure Cost,0.096,0.0,0.0,2.25,8.0
2015-05-01,DE_KN_residential2,0.005,Tiny Pref,0.103,0.007,7.6,2.25,9.2
2015-05-01,DE_KN_residential2,0.01,Small Pref,0.103,0.007,7.6,2.25,9.2
2015-05-01,DE_KN_residential2,0.02,Low Pref,0.103,0.007,7.6,2.25,9.2
2015-05-01,DE_KN_residential2,0.025,Medium Pref,0.103,0.007,7.6,2.25,9.2
2015-05-01,DE_KN_residential2,0.035,High Pref,0.103,0.007,7.6,2.25,9.2
2015-05-01,DE_KN_residential2,0.045,Very High Pref,0.103,0.007,7.6,2.25,9.2
2015-05-01,DE_KN_residential2,0.05,Max Pref,0.103,0.007,7.6,2.25,9.2
